{"cameraMode":{"drawMode":0,"name":"Shaded","section":"Shading Mode"},"sceneLighting":true,"audioPlay":false,"sceneViewState":{"m_AlwaysRefresh":false,"showFog":true,"showSkybox":true,"showFlares":true,"showImageEffects":true,"showParticleSystems":true,"showVisualEffectGraphs":true,"m_FxEnabled":true},"in2DMode":false,"pivot":{"x":158.93833923339845,"y":417.0457458496094,"z":480.26763916015627},"rotation":{"x":0.0008065690635703504,"y":0.9364191889762878,"z":-0.3511977791786194,"w":0.0018951240926980973},"size":20.5158634185791,"orthographic":false}